"Guid","Refs"
"0000000000000000e000000000000000","470"
"a97c105638bdf8b4a8650670310a4cd3","214"
"311925a002f4447b3a28927169b83ea6","53"
"ca9f5fa95ffab41fb9a615ab714db018","44"
"a79441f348de89743a2939f4d699eac1","30"
"0000000000000000f000000000000000","28"
"fe87c0e1cc204ed48ad3b37840f39efc","18"
"9dfc825aed78fcd4ba02077103263b40","17"
"94a070d33e408384bafc1dea4a565df9","14"
"5a2a534753fbdb44e96c3c78b5a6999d","14"
"d6dae50ee9e1bfa4db75f19f99355220","14"
"ff2cbab5da58bf04d82c5f34037ed123","14"
"e823cd5b5d27c0f4b8256e7c12ee3e6d","14"
"073797afb82c5a1438f328866b10b3f0","13"
"0cd44c1031e13a943bb63640046fad76","12"
"dc42784cf147c0c48a680349fa168899","12"
"77774d9009bb81447b048c907d4c6273","10"
"e6e9a19c3678ded42a3bc431ebef7dbd","10"
"19349a0f9a7ed4c48a27445bcf92e5e1","10"
"ce09d4a80b88c5a4eb9768fab4f1ee00","10"
"44fc62292b65ab04eabcf310e799ccf6","10"
"de02b375720b5c445afe83cd483bedf3","10"
"15d0c3709176029428a0da2f8cecf0b5","10"
"a89bee29cffa951418fc1e2da94d1959","10"
"cf852408f2e174538bcd9b7fda1c5ae7","10"
"573620ae32aec764abd4d728906d2587","10"
"93446b5c5339d4f00b85c159e1159b7c","10"
"53626a513ea68ce47b59dc1299fe3959","10"
"04c410c9937594faa893a11dceb85f7e","10"
"d104b2fc1ca6445babb8e90b0758136b","10"
"3f6c848ca3d7bca4bbe846546ac701a1","10"
"e3d24661c1e055f45a7560c033dbb837","10"
"f9ee4ed84c1d10c49aabb9b210b0fc44","10"
"33be2e9a5506b2843bdb2bdff9cad5e1","7"
"73fe53b428c5b3440b7e87ee830b608a","7"
"a679dba8ec4d9ce45884a270b0e22dda","7"
"98e3d58cae7210c4786f67f504c9e899","7"
"3923900e2b41b5e47bc25bfdcbcdc9e6","7"
"20be25aac4e22ee49a7db76fb3df6de2","7"
"3302065f671a8450b82c9ddf07426f3a","7"
"56a77a3e8d64f47b6afe9e3c95cb57d5","7"
"db8bd7436dc2c5f4c92655307d198381","7"
"cb76dd40fa7654f9587f6a344f125c9a","7"
"e32226222ff144b24bf3a5a451de54bc","7"
"4d6d5de35fa45ef4a92119397a045cc9","7"
"4e034cc8ea2635c4e9f063e5ddc7ea7a","7"
"2d70cd6be91bd7843a39a54b51c15b13","7"
"a2eaeefdac4637a44b734e85b7be9186","7"
"56641cb88dcb31a4398a4997ef7a7a8c","7"
"8670f7ce4b60cef43bed36148aa1b0a2","7"
"1ad53a96b58d3c3488dde4f14db1aaeb","7"
"1b95b5dcf48d1914c9e1e7405c7660e3","7"
"c06cc21c692f94f5fb5206247191eeee","7"
"0849e84e3d62649e8882e9d6f056a017","7"
"36f118343fc974119bee3d09e2111500","7"
"fe4f13c1004a07d4ea1e30bfd0326d9e","7"
"dd77ffd079630404e879388999033049","7"
"1097e90e1306e26439701489f391a6c0","7"
"f0b67500f7fad3b4c9f2b13e8f41ba6e","7"
"654c582f7f8a5a14dbd7d119cbde215d","7"
"562b7ae4f629f144aa97780546fce7c6","7"
"e7857e9d0c934dc4f83f270f8447b006","7"
"c49e63ed1bbcb334780a3bd19dfed403","7"
"9930fb4528622b34687b00bbe6883de7","7"
"5cdee82a77d13994f83b8fdabed7c301","7"
"d1f1048909d55cd4fa1126ab998f617e","7"
"51eee22c2a633ef4aada830eed57c3fd","7"
"fd2fd78b392986e42a12df2177d3b89c","7"
"bd9e8c758250ef449a4b4bfaad7a2133","7"
"510a2f57334933e4a8dbabe4c30204e4","7"
"b4db8180660810945bf8d55ab44352ad","7"
"e8ee25143a34b8c4388709ea947055d1","7"
"63eaba0ebfb82cc43bde059b4a8c65f6","7"
"5e7134d6e63e0bc47a1dd2669cedb379","7"
"2aed67ad60045d54ba3a00c91e2d2631","7"
"1121bb4e615ca3c48b214e79e841e823","7"
"f6783ab646d374f94b199774402a5144","7"
"29868e73b638e48ca99a19ea58c48d90","7"
"e507fdfead5ca47e8b9a768b51c291a1","7"
"1edcd131364091c46a17cbff0b1de97a","7"
"9c70c1a35ff15f340b38ea84842358bf","7"
"6cda457ac28612740adb23da5d39ea92","7"
"701880fecb344ea4c9cd0db3407ab287","7"
"5f1864addb451f54bae8c86d230f736e","7"
"a15b78cf8ca26ca4fb2090293153c62c","7"
"65df88701913c224d95fc554db28381a","7"
"ec9fec698a3456d4fb18cf8bacb7a2bc","7"
"bf54e6528c79a224e96346799064c393","7"
"222cce62363a44a380c36bf03b392608","7"
"8c3ee818f2efa514c889881ccb2e95a2","7"
"e9155b26e1bc55942a41e518703fe304","7"
"cbd3e1cc4ae141c42a30e33b4d666a61","7"
"c56b7e0d4c7cb484e959caeeedae9bbf","7"
"f89aac1e4f84468418fe30e611dff395","7"
"31321ba15b8f8eb4c954353edc038b1d","7"
"d5a307c014552314b9f560906d708772","7"
"f056d8bd2a1c7e44e9729144b4c70395","7"
"4431b1f1f743fbf4eb310a967890cbea","7"
"9920c1f1781549a46ba081a2a15a16ec","7"
"620b55b8040a88d468e94abe55bed5ba","7"
"26a413214480ef144b2915d6ff4d0beb","7"
"cacb30de6c40c7444bbc78cb0a81fd2a","7"
"2ec995e51a6e251468d2a3fd8a686257","7"
"eda47df5b85f4f249abf7abd73db2cb2","7"
"80aa867ac363ac043847b06ad71604cd","7"
"0f4122b9a743b744abe2fb6a0a88868b","7"
"5c81372d981403744adbdda4433c9c11","7"
"9452ae1262a74094f8a68013fbcd1834","7"
"0e9d5a909a1f7e84882a534d0d11e49f","7"
"6196f34ed825db14b81fb3eb0ea8d931","7"
"6bb382f7de370af41b775f54182e491d","7"
"0951de5992461754fa73650732c4954c","7"
"b3c92426a88625841ab15ca6a7917248","7"
"a3f7b8c99de28a94684cb1daebeccf5d","7"
"3b21275fd12d65f49babb5286f040f2d","7"
"3a80877c579b9144ebdcc6d923bca303","7"
"12dc59547ea167a4ab435097dd0f9add","7"
"bb86f1f0af829fd45b2ebddda1245c22","7"
"c8b6a681c7b4e2e4785ffab093907f9e","7"
"d3f0849180c2d0944bc71060693df100","7"
"4b7b083e6b6734e8bb2838b0b50a0bc8","7"
"53864816eb00f2343b60e1a2c5a262ef","7"
"f984aeb540ded8b4fbb8a2047ab5b2e2","7"
"594ea882c5a793440b60ff72d896021e","7"
"31d0dcc6f2dd4e4408d18036a2c93862","7"
"f6d223acabc2f974795a5a7864b50e6c","7"
"b23e766bcf50ca4438ef186b174557df","7"
"08b2b5fb307b0d249860612774a987da","7"
"2a567b9b2733f8d47a700c3c85bed75b","7"
"fde76746e4fd0ed418c224f6b4084114","7"
"71c1514a6bd24e1e882cebbe1904ce04","6"
"cdfbdbb87d3286943a057f7791b43141","5"
"6bd486065ce11414fa40e631affc4900","5"
"0b2db86121404754db890f4c8dfe81b2","5"
"c01700fd266d6914ababb731e09af2eb","5"
"70afe9e12c7a7ed47911bb608a23a8ff","5"
"558a8e2b6826cf840aae193990ba9f2e","5"
"29fa0085f50d5e54f8144f766051a691","5"
"3eb4b772797da9440885e8bd939e9560","5"
"72ece51f2901e7445ab60da3685d6b5f","5"
"886251e9a18ece04ea8e61686c173e1b","5"
"f9dfa5b682dcd46bda6128250e975f58","5"
"ccf1aba9553839d41ae37dd52e9ebcce","5"
"06437c1ff663d574d9447842ba0a72e4","5"
"81180773991d8724ab7f2d216912b564","5"
"221518ef91623a7438a71fef23660601","5"
"fb60a22f311433c4c962b888d1393f88","5"
"899c54efeace73346a0a16faa3afe726","5"
"66f335fb1ffd8684294ad653bf1c7564","5"
"5485954d14dfb9a4c8ead8edb0ded5b1","5"
"e021b4c809a781e468c2988c016ebbea","5"
"c5e1dc532bcb41949b58bc4f2abfbb7e","5"
"d7fd9488000d3734a9e00ee676215985","5"
"97c23e3b12dc18c42a140437e53d3951","5"
"4e29b1a8efbd4b44bb3f3716e73f07ff","4"
"76c392e42b5098c458856cdf6ecaaaa1","4"
"f4688fdb7df04437aeb418b961361dc5","4"
"01614664b831546d2ae94a42149d80ac","4"
"ab2114bdc8544297b417dfefe9f1e410","3"
"e5c6678ed2aaa91408dd3df699057aae","3"
"84a92b25f83d49b9bc132d206b370281","3"
"57d7c4c16e2765b47a4d2069b311bffe","3"
"24ec0e140fb444a44ab96ee80844e18e","3"
"8f96cd657dc40064aa21efcc7e50a2e7","3"
"03cfc4915c15d504a9ed85ecc404e607","3"
"53a11f4ebaebf4049b3638ef78dc9664","3"
"bf2edee5c58d82540a51f03df9d42094","3"
"2705215ac5b84b70bacc50632be6e391","3"
"11145981673336645838492a2d98e247","3"
"5688ab254e4c0634f8d6c8e0792331ca","3"
"41439944d30ece34e96484bdb6645b55","3"
"c9bd74624d8070f429e3f46d161f9204","2"
"d36f0fe53425e08499a2333cf423634c","2"
"d5c9b274310e5524ebe32a4e4da3df1f","2"
"d4044ea2490d63b43aa1765f8efbf8a9","2"
"47a45908f6db0cb44a0d5e961143afec","2"
"d512512f4af60a442ab3458489412954","2"
"4dcc0502f8586f941b5c4a66717205e8","2"
"14381521ff11cb74abe3fe65401c23be","2"
"9d92991794bb5864c8085468b97aa067","2"
"f69770e54f2823f43badf77916acad83","2"
"179f794063d2a66478e6e726f84a65bc","2"
"896d9004736809c4fb5973b7c12eb8b9","2"
"fa042edbfc40fbd4bad0ab9d505b1223","2"
"ff47e5a0f105eb34883b973e51f4db62","2"
"c989e1ed85cf7154caa922fec53e6af6","2"
"a2ec5cbf5a9b64345ad3fab0912ddf7b","2"
"10b6c6d22e73dea46a8ab36b6eebd629","2"
"d18a24d7b4ed50f4387993566d9d3ae2","2"
"1c3c6d69a645b804fa232004b96b7ad3","2"
"bfed3e498947fcb4890b7f40f54d85b9","2"
"3312d7739989d2b4e91e6319e9a96d76","2"
"2da0c512f12947e489f739169773d7ca","2"
"d50c5e07c9911a74982bddf7f3075e7b","2"
"81200413a40918d4d8702e94db29911c","2"
"306cc8c2b49d7114eaa3623786fc2126","2"
"e651dbb3fbac04af2b8f5abf007ddc23","2"
"d5a57f767e5e46a458fc5d3c628d0cbb","2"
"593a2fe42fa9d37498c96f9a383b6521","2"
"6960e84d07fb87f47956e7a81d71c4e6","2"
"1134690bf9216164dbc75050e35b7900","2"
"071e954febf155243a6c81e48f452644","2"
"ed5ea7ce59ca8ec4f9f14bf470a30f35","2"
"fc3fa8f108657e14486697c9a84ccfc5","2"
"96aaab9cc247d0b4c98132159688c1af","2"
"c94ad916058dff743b0f1c969ddbe660","2"
"2ca97df9d1801e84a8a8f2c53cb744f0","2"
"7ce2118f74614a94aa8a0cdf2e6062c3","2"
"39451254daebd6d40b52899c1f1c0c1b","2"
"e63eef8f54aa9dc4da9a5ac094b503b5","2"
"9d1514134bc4fbd41bb739b1b9a49231","1"
