"guid","refs","sample"
"0000000000000000e000000000000000","498","C:\Users\Marcos\Documents\GitHub\BIGRAT_CENACT\Assets\Scenes\Unificadas\Unified_BranchPedrao_Scenes_bla.unity"
"0000000000000000f000000000000000","46","C:\Users\Marcos\Documents\GitHub\BIGRAT_CENACT\Assets\Scenes\Unificadas\Unified_BranchPedrao_Scenes_bla.unity"
"57d7c4c16e2765b47a4d2069b311bffe","6","C:\Users\Marcos\Documents\GitHub\BIGRAT_CENACT\Assets\RecursosUnificados\BranchPedrao\Settings\Renderer2D.asset"
"f9dfa5b682dcd46bda6128250e975f58","6","C:\Users\Marcos\Documents\GitHub\BIGRAT_CENACT\Assets\Scenes\Unificadas\Unified_ChegaComJhon_Scenes_bla.unity"
"e5c6678ed2aaa91408dd3df699057aae","6","C:\Users\Marcos\Documents\GitHub\BIGRAT_CENACT\Assets\RecursosUnificados\BranchPedrao\Settings\Renderer2D.asset"
"8f96cd657dc40064aa21efcc7e50a2e7","6","C:\Users\Marcos\Documents\GitHub\BIGRAT_CENACT\Assets\RecursosUnificados\BranchPedrao\Settings\Renderer2D.asset"
"72ece51f2901e7445ab60da3685d6b5f","6","C:\Users\Marcos\Documents\GitHub\BIGRAT_CENACT\Assets\Scenes\Unificadas\Unified_ChegaComJhon_Scenes_bla.unity"
"886251e9a18ece04ea8e61686c173e1b","6","C:\Users\Marcos\Documents\GitHub\BIGRAT_CENACT\Assets\Scenes\Unificadas\Unified_ChegaComJhon_Scenes_bla.unity"
"53a11f4ebaebf4049b3638ef78dc9664","6","C:\Users\Marcos\Documents\GitHub\BIGRAT_CENACT\Assets\RecursosUnificados\BranchPedrao\Settings\Renderer2D.asset"
"24ec0e140fb444a44ab96ee80844e18e","6","C:\Users\Marcos\Documents\GitHub\BIGRAT_CENACT\Assets\RecursosUnificados\BranchPedrao\Settings\Renderer2D.asset"
"03cfc4915c15d504a9ed85ecc404e607","6","C:\Users\Marcos\Documents\GitHub\BIGRAT_CENACT\Assets\RecursosUnificados\BranchPedrao\Settings\Renderer2D.asset"
