"Guid","Found","Type","Sample"
"0000000000000000e000000000000000","No","unknown","(not found in ImportsBranches)"
"0000000000000000f000000000000000","No","unknown","(not found in ImportsBranches)"
"01614664b831546d2ae94a42149d80ac","No","unknown","(not found in ImportsBranches)"
"073797afb82c5a1438f328866b10b3f0","No","unknown","(not found in ImportsBranches)"
"0cd44c1031e13a943bb63640046fad76","No","unknown","(not found in ImportsBranches)"
"311925a002f4447b3a28927169b83ea6","No","unknown","(not found in ImportsBranches)"
"593a2fe42fa9d37498c96f9a383b6521","No","unknown","(not found in ImportsBranches)"
"6960e84d07fb87f47956e7a81d71c4e6","No","unknown","(not found in ImportsBranches)"
"72ece51f2901e7445ab60da3685d6b5f","No","unknown","(not found in ImportsBranches)"
"76c392e42b5098c458856cdf6ecaaaa1","No","unknown","(not found in ImportsBranches)"
"886251e9a18ece04ea8e61686c173e1b","No","unknown","(not found in ImportsBranches)"
"a79441f348de89743a2939f4d699eac1","No","unknown","(not found in ImportsBranches)"
"a8b9fa25681ef5848b6b2f405266d62f","No","unknown","(not found in ImportsBranches)"
"a97c105638bdf8b4a8650670310a4cd3","No","unknown","(not found in ImportsBranches)"
"ca9f5fa95ffab41fb9a615ab714db018","No","unknown","(not found in ImportsBranches)"
"dc42784cf147c0c48a680349fa168899","No","unknown","(not found in ImportsBranches)"
"ee606aa30df13714aaec7d0000ed156a","No","unknown","(not found in ImportsBranches)"
"f9dfa5b682dcd46bda6128250e975f58","No","unknown","(not found in ImportsBranches)"
"fe87c0e1cc204ed48ad3b37840f39efc","No","unknown","(not found in ImportsBranches)"
