"Scene","Guid","Hits"
"Unified_ColegaTeste_Scenes_SampleScene.unity","886251e9a18ece04ea8e61686c173e1b","1"
"Unified_ColegaTeste_Scenes_SampleScene.unity","0000000000000000e000000000000000","1"
"Unified_ColegaTeste_Scenes_SampleScene.unity","72ece51f2901e7445ab60da3685d6b5f","1"
"Unified_ColegaTeste_Scenes_SampleScene.unity","f9dfa5b682dcd46bda6128250e975f58","1"
"Unified_ColegaTeste_Scenes_Mapa_Base.unity","0000000000000000e000000000000000","1"
"Unified_ColegaTeste_Scenes_Mapa_Base.unity","0000000000000000f000000000000000","1"
"Unified_ColegaTeste_Scenes_CenaDoCT.unity","0000000000000000e000000000000000","1"
"Unified_ColegaTeste_Scenes_CenaDoColega.unity","886251e9a18ece04ea8e61686c173e1b","1"
"Unified_ColegaTeste_Scenes_CenaDoColega.unity","0000000000000000e000000000000000","1"
"Unified_ColegaTeste_Scenes_CenaDoColega.unity","72ece51f2901e7445ab60da3685d6b5f","1"
"Unified_ColegaTeste_Scenes_CenaDoColega.unity","f9dfa5b682dcd46bda6128250e975f58","1"
"Unified_ColegaTeste_ProjetoPlayerJhonas_Scenes_CenaDoCT.unity","0000000000000000e000000000000000","1"
"Unified_ColegaTeste_ProjetoPlayerJhonas_Scenes_Cena do JHON.unity","0000000000000000e000000000000000","1"
"Unified_ColegaTeste_ProjetoPlayerJhonas_Scenes_Cena do JHON.unity","a8b9fa25681ef5848b6b2f405266d62f","1"
"Unified_ColegaTeste_ProjetoPlayerJhonas_Scenes_Cena do JHON.unity","ee606aa30df13714aaec7d0000ed156a","1"
"Unified_ColegaTeste_ProjetoPlayerJhonas_Scenes_bla.unity","0000000000000000e000000000000000","1"
"Unified_ColegaTeste_ProjetoPlayerJhonas_Scenes_bla.unity","0000000000000000f000000000000000","1"
"Unified_ColegaTeste_PlatformerSet1_Scene_Demo.unity","0000000000000000f000000000000000","3"
"Unified_ColegaTeste_PlatformerSet1_Scene_Demo.unity","0000000000000000e000000000000000","1"
"Unified_ColegaTeste_Decoracao_Background.unity","0000000000000000e000000000000000","1"
"Unified_ColegaTeste_Decoracao_Background.unity","0000000000000000f000000000000000","1"
"Unified_ChegaComJhon_Scenes_ServerHub.unity","0000000000000000e000000000000000","1"
"Unified_ChegaComJhon_Scenes_ServerHub.unity","0000000000000000f000000000000000","1"
"Unified_ChegaComJhon_Scenes_CenaDoCT.unity","0000000000000000e000000000000000","1"
"Unified_ChegaComJhon_Scenes_bla.unity","0000000000000000f000000000000000","1"
"Unified_ChegaComJhon_Scenes_bla.unity","0000000000000000e000000000000000","1"
"Unified_ChegaComJhon_Scenes_bla.unity","886251e9a18ece04ea8e61686c173e1b","1"
"Unified_ChegaComJhon_Scenes_bla.unity","72ece51f2901e7445ab60da3685d6b5f","1"
"Unified_ChegaComJhon_Scenes_bla.unity","f9dfa5b682dcd46bda6128250e975f58","1"
"Unified_BranchPedrao_Scenes_Ceta big Peter.unity","0000000000000000e000000000000000","1"
"Unified_BranchPedrao_Scenes_Ceta big Peter.unity","0000000000000000f000000000000000","1"
"Unified_BranchPedrao_Scenes_CenaDoCT.unity","0000000000000000e000000000000000","1"
"Unified_BranchPedrao_Scenes_Cena do JHON.unity","0000000000000000e000000000000000","1"
"Unified_BranchPedrao_Scenes_Cena do JHON.unity","a8b9fa25681ef5848b6b2f405266d62f","1"
"Unified_BranchPedrao_Scenes_Cena do JHON.unity","ee606aa30df13714aaec7d0000ed156a","1"
"Unified_BranchPedrao_Scenes_bla.unity","0000000000000000e000000000000000","1"
"Unified_BranchPedrao_Scenes_bla.unity","0000000000000000f000000000000000","1"
