"Name","Hash","Size","Origin","Path"
"0.unity","8412574E039D364CA1CFE56BA24FA26459BA8BC96BF45C0626174B3D2D067E07","17177","BranchPedrao","Assets\RecursosUnificados\BranchPedrao\_Recovery\0.unity"
"0.unity","C2FD48832B14BAC69E84CA4D1360671A9112B5C43B861B0B6AAE658D04F23D88","174302","ColegaTeste","Assets\RecursosUnificados\ColegaTeste\_Recovery\0.unity"
"Ataque.anim","9CFAC91F52099E1657E7C3E820D6AEBA50D6E2C08AB63BF17D3AEE5FD4DEBDBD","3501","BranchPedrao","Assets\RecursosUnificados\BranchPedrao\Animacoes\Boss\Ataque.anim"
"Ataque.anim","A980E090131248BFC5C93640356B51F3E15BCB79A6CDB7254478E35E9A01D7D0","3087","BranchPedrao","Assets\RecursosUnificados\BranchPedrao\Animacoes\Player\ataque.anim"
"ATTK-1_0002.png","AC184DFB019725FA57C3A4BABFD410FDD9FF33C6C4B67E666ED01DEA423BE388","6713","ColegaTeste","Assets\RecursosUnificados\ColegaTeste\ProjetoPlayerJhonas\Sprites\Player 1\Ataque\ATTK-1\ATTK-1_0002.png"
"ATTK-1_0002.png","C073FCB54E4DA9B4DA265142A27ECF4FD79025F0EACE93625F47B9AF5B6A2384","7896","ColegaTeste","Assets\RecursosUnificados\ColegaTeste\ProjetoPlayerJhonas\Sprites\Player 1\Ataque\JUMP-ATTK\ATTK-1_0002.png"
"ATTK-1_0003.png","A86FDAA520845F498CFDB19680472643806DA8352C47A569EC38ECF8D68A51A5","6842","ColegaTeste","Assets\RecursosUnificados\ColegaTeste\ProjetoPlayerJhonas\Sprites\Player 1\Ataque\ATTK-1\ATTK-1_0003.png"
"ATTK-1_0003.png","76DBC53302CCAB4DE239D793F0E663AA88151B9F67765E1E236E00843FDFCE91","6946","ColegaTeste","Assets\RecursosUnificados\ColegaTeste\ProjetoPlayerJhonas\Sprites\Player 1\Ataque\JUMP-ATTK\ATTK-1_0003.png"
"ATTK-1_0004.png","825FB785A78441B67E9F1F4748749BF194F660726A52B8F6BB86AF37B9FDFF18","7437","ColegaTeste","Assets\RecursosUnificados\ColegaTeste\ProjetoPlayerJhonas\Sprites\Player 1\Ataque\ATTK-1\ATTK-1_0004.png"
"ATTK-1_0004.png","CD243AA161F9DF9A69DB40304C62E067EB0100053BEDCAEF8A7B4850A2EC8D22","8338","ColegaTeste","Assets\RecursosUnificados\ColegaTeste\ProjetoPlayerJhonas\Sprites\Player 1\Ataque\JUMP-ATTK\ATTK-1_0004.png"
"ATTK-1_0005.png","9216AD50CD48012A46B37D417E7920019D7B7784EE3575D832115A8407DEC0E9","7895","ColegaTeste","Assets\RecursosUnificados\ColegaTeste\ProjetoPlayerJhonas\Sprites\Player 1\Ataque\ATTK-1\ATTK-1_0005.png"
"ATTK-1_0005.png","0B6622167C238D239C44678FBC83268385A40127397DC2FE36DF99E8E7A5B088","10036","ColegaTeste","Assets\RecursosUnificados\ColegaTeste\ProjetoPlayerJhonas\Sprites\Player 1\Ataque\JUMP-ATTK\ATTK-1_0005.png"
"ATTK-1_0006.png","C64B29AC08583AE752E34EE3242E11270E8BD8420A4ED41257FA17B0ECD3BEA0","10263","ColegaTeste","Assets\RecursosUnificados\ColegaTeste\ProjetoPlayerJhonas\Sprites\Player 1\Ataque\ATTK-1\ATTK-1_0006.png"
"ATTK-1_0006.png","EE01C535CA2AEE29C6617132D1EECC245A5B2C9F727102C9EF83804188250AE2","12273","ColegaTeste","Assets\RecursosUnificados\ColegaTeste\ProjetoPlayerJhonas\Sprites\Player 1\Ataque\JUMP-ATTK\ATTK-1_0006.png"
"ATTK-1_0007.png","C7841E31C9552EA93F6CF7244D3394B0EC22A51773F4BE566B5A33A2FD6E33C6","8751","ColegaTeste","Assets\RecursosUnificados\ColegaTeste\ProjetoPlayerJhonas\Sprites\Player 1\Ataque\ATTK-1\ATTK-1_0007.png"
"ATTK-1_0007.png","D3761BC1FE87FF986A5AB070CF33E9FE274550DE85165DC66ECE885103F206E1","9801","ColegaTeste","Assets\RecursosUnificados\ColegaTeste\ProjetoPlayerJhonas\Sprites\Player 1\Ataque\JUMP-ATTK\ATTK-1_0007.png"
"bla.unity","91D521AA0F622DA60FA6CF1B0FF0ACFAC40AECCEBBECC85CB93074D04FF75C57","38850","BranchPedrao","Assets\RecursosUnificados\BranchPedrao\Scenes\bla.unity"
"bla.unity","E648F687DC5F374941BAA5DF29611A8AEC35DCB1B96E401C941BD2181F622E7C","32900","ChegaComJhon","Assets\RecursosUnificados\ChegaComJhon\Scenes\bla.unity"
"bla.unity","33E59B184A057ECF861E97955BF6BF09B68628ABCCBFCC3487935C6A708EA7A6","35121","ColegaTeste","Assets\RecursosUnificados\ColegaTeste\ProjetoPlayerJhonas\Scenes\bla.unity"
"Boss.controller","F1A16C30A10E4C0BF83003D973B3952E072788139FD015223839B370A52C75B3","21706","BranchPedrao","Assets\RecursosUnificados\BranchPedrao\Animacoes\Boss\Boss.controller"
"Boss.controller","17B61D164619F647A2B243062259568E0FCA20449D3B8F45F11AB3347A280AAA","30607","ChegaComJhon","Assets\RecursosUnificados\ChegaComJhon\Animacoes\Boss\Boss.controller"
"CenaDoCT.unity","C4CB7DB7E09BDDC3E49B5986D4581D142E5D088152D9858985A05C912297C126","13386","BranchPedrao","Assets\RecursosUnificados\BranchPedrao\Scenes\CenaDoCT.unity"
"CenaDoCT.unity","5C1AD70E15313CF1E8A37072517C6A4EEBF2DA7B68B080DBEFE6DC89A6C2A004","20427","ChegaComJhon","Assets\RecursosUnificados\ChegaComJhon\Scenes\CenaDoCT.unity"
"CenaDoCT.unity","8D9F4546F4EA622669F1244A52BEE707A5FB9CE572AF124FAAA5E10022C24E6E","57663","ColegaTeste","Assets\RecursosUnificados\ColegaTeste\Scenes\CenaDoCT.unity"
"Cry.anim","333E8EEDA8456BE6F003EC7713517CBA7613B26BD549AB1EAF5143BCF8E6035B","4702","BranchPedrao","Assets\RecursosUnificados\BranchPedrao\Animacoes\Boss\Cry.anim"
"Cry.anim","3CCABC0D3E0A3282B1203D54D661E15C88EF7282244B0EBE087B584E52757AEF","9496","ChegaComJhon","Assets\RecursosUnificados\ChegaComJhon\Animacoes\Boss\Cry.anim"
"Default Style Sheet.asset","93E073CDB91B7E3D2FA31E2DD13626D7B9D2F327904BA8C3C2B97A3EECFBABAC","5539","BranchPedrao","Assets\RecursosUnificados\BranchPedrao\TextMesh Pro\Resources\Style Sheets\Default Style Sheet.asset"
"Default Style Sheet.asset","49C813B42FF25580E3934554E3550E7BDB78BCFB2C3562BF1191F0D42F4DA141","5620","ColegaTeste","Assets\RecursosUnificados\ColegaTeste\ProjetoPlayerJhonas\TextMesh Pro\Resources\Style Sheets\Default Style Sheet.asset"
"DefaultVolumeProfile.asset","C5DD9BEE1ADD10F9346F3CB9881738BD41C7BB72E76BE68629D835738C574083","19524","BranchPedrao","Assets\RecursosUnificados\BranchPedrao\Assets\DefaultVolumeProfile.asset"
"DefaultVolumeProfile.asset","CB88AC788E6F2AC42DDA3D6BC1593CEFABA460E96AEAE1B1C8FA7BEF3E90E1E7","18729","ChegaComJhon","Assets\RecursosUnificados\ChegaComJhon\DefaultVolumeProfile.asset"
"DefaultVolumeProfile.asset","A8786F6390CEAD1A67643E0B85A6B31CE1FFFCA7974CCF077A5297AE87F32D9D","19575","ColegaTeste","Assets\RecursosUnificados\ColegaTeste\DefaultVolumeProfile.asset"
"EmojiOne Attribution.txt","4B65F8960E4F4C5C8B35FD139E369265E9BB45667FC16461B2BA01188D464D93","185","BranchPedrao","Assets\RecursosUnificados\BranchPedrao\TextMesh Pro\Sprites\EmojiOne Attribution.txt"
"EmojiOne Attribution.txt","095907D2631301D08DBFF9388FC0C278904FD86E18BA76BB0D401A790ADE8F83","187","ColegaTeste","Assets\RecursosUnificados\ColegaTeste\ProjetoPlayerJhonas\TextMesh Pro\Sprites\EmojiOne Attribution.txt"
"EmojiOne.asset","155FFF99F467BAA93DD2D0886DF466BD242CD5E3C8C60C9D43E9CDAD269F7F54","13441","BranchPedrao","Assets\RecursosUnificados\BranchPedrao\TextMesh Pro\Resources\Sprite Assets\EmojiOne.asset"
"EmojiOne.asset","73802F0C67F6E13BF226FCAD8511477ACD5EA1E2263387003FE561D3211664F9","14100","ColegaTeste","Assets\RecursosUnificados\ColegaTeste\ProjetoPlayerJhonas\TextMesh Pro\Resources\Sprite Assets\EmojiOne.asset"
"EmojiOne.json","B85C4B3001B6BA82D175F4CD5DAB83DA467BBC2527D3D447B66919D2D20C4FAF","3966","BranchPedrao","Assets\RecursosUnificados\BranchPedrao\TextMesh Pro\Sprites\EmojiOne.json"
"EmojiOne.json","FA35C4A1B7CFC12E872BCBA7D0D20702077A5478472B87D619B2C72BF5BB48D0","4122","ColegaTeste","Assets\RecursosUnificados\ColegaTeste\ProjetoPlayerJhonas\TextMesh Pro\Sprites\EmojiOne.json"
"Fall.anim","29EBAAB73FA1528ED16E22FB6C4E8BC32504AA9A2B226C03ED41831FB626C065","2886","BranchPedrao","Assets\RecursosUnificados\BranchPedrao\Animacoes\Player\Fall.anim"
"Fall.anim","BC1F2346A1F01B3A8256A53BC8479D35BE5C1FDDEE4929116F3130355EF967DC","1884","ChegaComJhon","Assets\RecursosUnificados\ChegaComJhon\Animacoes\Boss\Fall.anim"
"Idle.anim","43621B7DEE865F9DC2D90D5F18D42543C287CC92314DB7ED30C35D69155A6AC7","3480","BranchPedrao","Assets\RecursosUnificados\BranchPedrao\Animacoes\Anjo\Idle.anim"
"Idle.anim","C48CE4DF455C54A4C08B5997B5D2694779C465B00B7EE3A1F919F765EEA8E16E","5114","BranchPedrao","Assets\RecursosUnificados\BranchPedrao\Animacoes\Boss\Idle.anim"
"Idle.anim","0086F22A4A4F6E81303FAF496F76F81CEE723C07796C0A2E8D653D1ABFA66152","3698","BranchPedrao","Assets\RecursosUnificados\BranchPedrao\Animacoes\Player\Idle.anim"
"IDLE.gif","5C4E3EE1F1F196EC305C3B3FD2C4BC49516AD2A7A1DF395C1044C54442D2AC3C","68856","BranchPedrao","Assets\RecursosUnificados\BranchPedrao\Sprites\ANJO\IDLE\IDLE.gif"
"IDLE.gif","A5526A3390568FA81ECEB6E5105EDC3B0D9BBE0D9C234DAA4273EA793E49F71D","54891","BranchPedrao","Assets\RecursosUnificados\BranchPedrao\Sprites\Boss\idle\idle.gif"
"IDLE.gif","59CE5BD910F93A1BFAF3607F685B4D27B0DCC46EC0045E3AE5A1D7E7976C1FFB","24053","BranchPedrao","Assets\RecursosUnificados\BranchPedrao\Sprites\Player 1\idle\idle.gif"
"InputSystem_Actions.inputactions","CD5A6308F9BCE6DDAC2023B5ED185FF6BC36AC09FBFD9680054D367822203812","42061","BranchPedrao","Assets\RecursosUnificados\BranchPedrao\Assets\InputSystem_Actions.inputactions"
"InputSystem_Actions.inputactions","1C6CBB519D65ECFE19A29231735B7F54741A20AC1A8AD4F46A18E1BFB28A3C39","41005","BranchPedrao","Assets\RecursosUnificados\BranchPedrao\InputSystem_Actions.inputactions"
"intro.anim","F1A52F2C48CE5FF5B21B466A6A7D97CFF8165F07D8445DEB05E304272655486B","7287","BranchPedrao","Assets\RecursosUnificados\BranchPedrao\Animacoes\Boss\intro.anim"
"intro.anim","6EB6F3A83CAEDD0631B3CBB57B5D0348677866C50A08D91C736000212D0DF1CF","7130","ChegaComJhon","Assets\RecursosUnificados\ChegaComJhon\Animacoes\Boss\intro.anim"
"LiberationSans - OFL.txt","37F8552E9A874EC10710DC0EDE6A9ADF168E6609FBD02A507F35629373B85A48","4469","BranchPedrao","Assets\RecursosUnificados\BranchPedrao\TextMesh Pro\Fonts\LiberationSans - OFL.txt"
"LiberationSans - OFL.txt","A130E89B7B2326B599C4B2BBD873EAAE63FEDA407541A2899CB8ACB306723DE6","4514","ColegaTeste","Assets\RecursosUnificados\ColegaTeste\ProjetoPlayerJhonas\TextMesh Pro\Fonts\LiberationSans - OFL.txt"
"LiberationSans SDF - Drop Shadow.mat","B6B65C34E4907DD3006C2217FC8A4CEF81B6DA24DF0A3DE8E2288199EB6C5A9D","2975","BranchPedrao","Assets\RecursosUnificados\BranchPedrao\TextMesh Pro\Resources\Fonts & Materials\LiberationSans SDF - Drop Shadow.mat"
"LiberationSans SDF - Drop Shadow.mat","73F941D7702C761483BB184FAD6E262648032969F0F310344155758B8FAD764F","3081","ColegaTeste","Assets\RecursosUnificados\ColegaTeste\ProjetoPlayerJhonas\TextMesh Pro\Resources\Fonts & Materials\LiberationSans SDF - Drop Shadow.mat"
"LiberationSans SDF - Fallback.asset","E2D77876F2B90D98BA2424F6FC32B1403EA701DE8FD24A8FE8E571ECC3CDC10A","9365","BranchPedrao","Assets\RecursosUnificados\BranchPedrao\TextMesh Pro\Resources\Fonts & Materials\LiberationSans SDF - Fallback.asset"
"LiberationSans SDF - Fallback.asset","6CD2FAA131F346F601036104691F0223744C5806A51CEEC454E6D4FF3BB6831D","9713","ColegaTeste","Assets\RecursosUnificados\ColegaTeste\ProjetoPlayerJhonas\TextMesh Pro\Resources\Fonts & Materials\LiberationSans SDF - Fallback.asset"
"LiberationSans SDF - Outline.mat","25874340976D40E9F9E8ABF731B7F32E5A478541DEAD9288140BD60C7A3287D9","2889","BranchPedrao","Assets\RecursosUnificados\BranchPedrao\TextMesh Pro\Resources\Fonts & Materials\LiberationSans SDF - Outline.mat"
"LiberationSans SDF - Outline.mat","4A07F16FCFA697F984D78B7ACC005985FE45A256B4BF8B7907FAEA08075B4961","2993","ColegaTeste","Assets\RecursosUnificados\ColegaTeste\ProjetoPlayerJhonas\TextMesh Pro\Resources\Fonts & Materials\LiberationSans SDF - Outline.mat"
"LiberationSans SDF.asset","3E255BF16C9D35F6019C541174813B6F9E2DBFA5B0B458311CAC63FEA66A0357","2264683","BranchPedrao","Assets\RecursosUnificados\BranchPedrao\TextMesh Pro\Resources\Fonts & Materials\LiberationSans SDF.asset"
"LiberationSans SDF.asset","0C990817A90DBE8CC2C54E699E187FE4A27986811BA742050885C92C364626A1","2272769","ChegaComJhon","Assets\RecursosUnificados\ChegaComJhon\TextMesh Pro\Resources\Fonts & Materials\LiberationSans SDF.asset"
"Lit2DSceneTemplate.scenetemplate","CA928761BF976C878D54DF524A3742C5F1BCA53A013B4061ABD2C752C8A212AA","3942809","BranchPedrao","Assets\RecursosUnificados\BranchPedrao\Settings\Lit2DSceneTemplate.scenetemplate"
"Lit2DSceneTemplate.scenetemplate","EA8BBD3D1010935A8A64A7E9924D708ABB481D693B08008CDC13F1470C7CBCAF","3942880","ColegaTeste","Assets\RecursosUnificados\ColegaTeste\ProjetoPlayerJhonas\Settings\Lit2DSceneTemplate.scenetemplate"
"PNG_0001.png","D4A5B8C10B0A7F12E838EB590FA0406010C9209BE313134D794F7235CBDC2360","14332","BranchPedrao","Assets\RecursosUnificados\BranchPedrao\Sprites\ANJO\IDLE\PNG\PNG_0001.png"
"PNG_0001.png","BCA4865489094C8C1FDA01388D65EE15CA2D56F08799C254AC19AC1D4AD5C4EB","8093","BranchPedrao","Assets\RecursosUnificados\BranchPedrao\Sprites\ANJO\IDLE\PNG-MASC\PNG_0001.png"
"PNG_0001.png","0C8F618672416CB2E65D88128C63901F858059AA3CA2025B63DBC3C2EDD78F43","5657","BranchPedrao","Assets\RecursosUnificados\BranchPedrao\Sprites\Boss\attack\PNG\ATTK\PNG_0001.png"
"PNG_0001.png","E92F562D43130E7CC1B95AF942ECA9BC64AE3DCA31BDAE049AC24383DF8AAAB3","5569","BranchPedrao","Assets\RecursosUnificados\BranchPedrao\Sprites\Boss\attack\PNG\PREPARAÇÃO\PNG_0001.png"
"PNG_0001.png","EB6FE9A28C16F9CE00F1DA1420040B0B859E11C118E33B1CEEC118BEF844E325","8965","BranchPedrao","Assets\RecursosUnificados\BranchPedrao\Sprites\Boss\dead\PNG\PNG_0001.png"
"PNG_0001.png","6AA6B96E183FD1F420C8518CD57894CC656E2303C508A30012C1600F209913C7","9800","BranchPedrao","Assets\RecursosUnificados\BranchPedrao\Sprites\Boss\fall\PNG\PNG_0001.png"
"PNG_0001.png","A2A97E41AE9EC25F62DF59E26868229C53DD0803CEC7A34A9E5071C7604B3B2A","7450","BranchPedrao","Assets\RecursosUnificados\BranchPedrao\Sprites\Boss\run\PNG\PNG_0001.png"
"PNG_0001.png","11B11824734A616E12B8C2609D47012765BCF0A501369A9CDE128CC5EBF67073","6222","BranchPedrao","Assets\RecursosUnificados\BranchPedrao\Sprites\Player 1\Ataque\JUMP-ATTK\PNG_0001.png"
"PNG_0002.png","2D9AA7BC7BB5182F6C2D6539B084D37758542284DBAA359490656CC545060666","14992","BranchPedrao","Assets\RecursosUnificados\BranchPedrao\Sprites\ANJO\IDLE\PNG\PNG_0002.png"
"PNG_0002.png","D450D82FA39B175AA451EBC0035DE5F725D748DB2BA20D6FAA0DC7178122B7EB","11456","BranchPedrao","Assets\RecursosUnificados\BranchPedrao\Sprites\ANJO\IDLE\PNG-MASC\PNG_0002.png"
"PNG_0002.png","5BDB5963A74437BCA2715CE55D865CE50D03CBCCBB5C221534B2A99E5DB72EF3","8041","BranchPedrao","Assets\RecursosUnificados\BranchPedrao\Sprites\Boss\attack\PNG\ATTK\PNG_0002.png"
"PNG_0002.png","2DE509FF97B545BB72A20279BC1EE9336C400903E0B7C6A2703ABD1AFA19C266","9236","BranchPedrao","Assets\RecursosUnificados\BranchPedrao\Sprites\Boss\attack\PNG\PREPARAÇÃO\PNG_0002.png"
"PNG_0002.png","DA0D64CAE45EFB7232AA3800E643B8DF1C6E545AA1BCBE41D0F76981571CEF2F","7361","BranchPedrao","Assets\RecursosUnificados\BranchPedrao\Sprites\Boss\dead\PNG\PNG_0002.png"
"PNG_0002.png","0C589AFF16AD6F62868C8BCAF7A86BE6E5B5DC4C26358164BDEA8E913EDED9F5","8277","BranchPedrao","Assets\RecursosUnificados\BranchPedrao\Sprites\Boss\fall\PNG\PNG_0002.png"
"PNG_0002.png","D4F4424BF755FE733BFB8F1DC9C428575BB68A771B3CC65CC401A5DEC1D58DFD","9676","BranchPedrao","Assets\RecursosUnificados\BranchPedrao\Sprites\Boss\run\PNG\PNG_0002.png"
"PNG_0002.png","A7ABD01236CF590466151FEE41DAFCEEDEAE148174D13F5FDD98C74B36A50996","8335","BranchPedrao","Assets\RecursosUnificados\BranchPedrao\Sprites\Boss\walk\PNG\PNG_0002.png"
"PNG_0002.png","E89FB436393F3725E2FC1C59C7F8EA08577B7DE1319ED5007F54476A0209E6B6","8141","BranchPedrao","Assets\RecursosUnificados\BranchPedrao\Sprites\Player 1\Ataque\JUMP-ATTK\PNG_0002.png"
"PNG_0003.png","A136D84506B8ED406EAE636BE46977243C0CBBC478597AA84935127EACC3BADF","15240","BranchPedrao","Assets\RecursosUnificados\BranchPedrao\Sprites\ANJO\IDLE\PNG\PNG_0003.png"
"PNG_0003.png","89C8A99EBFB6082242FB77EC3AC8F330CF45A743DD471209525B48C227312162","10593","BranchPedrao","Assets\RecursosUnificados\BranchPedrao\Sprites\ANJO\IDLE\PNG-MASC\PNG_0003.png"
"PNG_0003.png","310B788354F79BCE2C7C8235F76BC2F6AE1B5C61947E8AD6129DA2A7357DB386","10839","BranchPedrao","Assets\RecursosUnificados\BranchPedrao\Sprites\Boss\attack\PNG\ATTK\PNG_0003.png"
"PNG_0003.png","F4BE21605702BD75C0CFBD2AE420CBB77F8EE7F31EA30F6B41DB9F29BDB008EF","8254","BranchPedrao","Assets\RecursosUnificados\BranchPedrao\Sprites\Boss\attack\PNG\PREPARAÇÃO\PNG_0003.png"
"PNG_0003.png","E78F3DE31ECCECC341BF07FC28F04DD87F305A200BE5D02A55832D25844FD8BE","8937","BranchPedrao","Assets\RecursosUnificados\BranchPedrao\Sprites\Boss\dead\PNG\PNG_0003.png"
"PNG_0003.png","4E17F946C6D45F0953C71D42E8DA6E471B0F21C539F1B56223E533181C38F76D","10550","BranchPedrao","Assets\RecursosUnificados\BranchPedrao\Sprites\Boss\fall\PNG\PNG_0003.png"
"PNG_0003.png","0A05E9148BB71523CF4C45F13D5A8FCDCC76CB279985950FE6FE385D5A39EE8F","8352","BranchPedrao","Assets\RecursosUnificados\BranchPedrao\Sprites\Boss\run\PNG\PNG_0003.png"
"PNG_0003.png","FF44DAE68C359AD573FA45D656B3871DE4C6834404FC58F4904DAB545892F517","7057","BranchPedrao","Assets\RecursosUnificados\BranchPedrao\Sprites\Boss\walk\PNG\PNG_0003.png"
"PNG_0003.png","3C7BEA2E828B91F14066E49A9FAFB65EEBECBBB6EAABF72B030947DE1F771AE2","7169","BranchPedrao","Assets\RecursosUnificados\BranchPedrao\Sprites\Player 1\Ataque\JUMP-ATTK\PNG_0003.png"
"PNG_0004.png","11A754FFECFA6CDA3350E7FCA036F430E2A46AEB5F1CCA2D10E4ADE47809D696","14602","BranchPedrao","Assets\RecursosUnificados\BranchPedrao\Sprites\ANJO\IDLE\PNG\PNG_0004.png"
"PNG_0004.png","5D9EC16C3629D7A06981347D7DAE6B488E1BEF57E885BCBB103287DE67EDE1F7","13422","BranchPedrao","Assets\RecursosUnificados\BranchPedrao\Sprites\ANJO\IDLE\PNG-MASC\PNG_0004.png"
"PNG_0004.png","687CEE43F6C2D61F46C93D4050A34A336BCC6052847EC21C49FF80875D1C10F5","12272","BranchPedrao","Assets\RecursosUnificados\BranchPedrao\Sprites\Boss\attack\PNG\ATTK\PNG_0004.png"
"PNG_0004.png","069AB4BC1AF734ABF5181CD762EE27602C5DD91E2A79DE5F2AC8CA8DFF0728A5","8081","BranchPedrao","Assets\RecursosUnificados\BranchPedrao\Sprites\Boss\attack\PNG\PREPARAÇÃO\PNG_0004.png"
"PNG_0004.png","0F73CD8CAE4247BC809FEE2375DF47934CDF371D6A813DB3273DC13D2ABBB60B","6729","BranchPedrao","Assets\RecursosUnificados\BranchPedrao\Sprites\Boss\dead\PNG\PNG_0004.png"
"PNG_0004.png","B9A1F0082EF749047835C841263DD08735220FB9E9C127CFFC738DF7C10EFB19","9436","BranchPedrao","Assets\RecursosUnificados\BranchPedrao\Sprites\Boss\fall\PNG\PNG_0004.png"
"PNG_0004.png","0A0B50B5DD3431BAB2CE5BFC5792DA9DC24F445E9E2B9570AE7E36DDE5AED722","9466","BranchPedrao","Assets\RecursosUnificados\BranchPedrao\Sprites\Boss\run\PNG\PNG_0004.png"
"PNG_0004.png","BBFB6C4C1B1C153CE1452853680701EDCF656B3BECE80F38FD14D7A14037AFA8","7854","BranchPedrao","Assets\RecursosUnificados\BranchPedrao\Sprites\Boss\walk\PNG\PNG_0004.png"
"PNG_0004.png","F2CA5752D5083662FFC2CA3D3CB5FACB304351594F7C46A5CBF21AB6DAF7DB20","8586","BranchPedrao","Assets\RecursosUnificados\BranchPedrao\Sprites\Player 1\Ataque\JUMP-ATTK\PNG_0004.png"
"PNG_0005.png","76B5C1806DADCC4CBF927C9CC4CB74C279156BA17322F383506114EDBED72687","14038","BranchPedrao","Assets\RecursosUnificados\BranchPedrao\Sprites\ANJO\IDLE\PNG\PNG_0005.png"
"PNG_0005.png","5A669F3B494C534C7F6CB49D579B9B7372A154524B0633CF2F3172797142027B","11947","BranchPedrao","Assets\RecursosUnificados\BranchPedrao\Sprites\ANJO\IDLE\PNG-MASC\PNG_0005.png"
"PNG_0005.png","003B1C4CF11E41924B90238FC15CB08C9290854EE83054C59BB16B39AD50F059","11586","BranchPedrao","Assets\RecursosUnificados\BranchPedrao\Sprites\Boss\attack\PNG\ATTK\PNG_0005.png"
"PNG_0005.png","2659F914568A7C5AB805C88EEA5EF6D167937E87F476CFDA73A27F6FBFC4078B","6960","BranchPedrao","Assets\RecursosUnificados\BranchPedrao\Sprites\Boss\attack\PNG\PREPARAÇÃO\PNG_0005.png"
"PNG_0005.png","67179444979ECAD6946C807CC228891D4EF4DD1E5B0EBA2E874F3AD9FF0DB422","8025","BranchPedrao","Assets\RecursosUnificados\BranchPedrao\Sprites\Boss\dead\PNG\PNG_0005.png"
"PNG_0005.png","FA3A475E2587835777FF60F226E750A9913172A7108A0A129CA36FFBF790E305","11979","BranchPedrao","Assets\RecursosUnificados\BranchPedrao\Sprites\Boss\fall\PNG\PNG_0005.png"
"PNG_0005.png","83E59C89A652FEB6BF6FF1D7CC95E7DF31EA5C1E8F49CF7941B11523DF84F169","7645","BranchPedrao","Assets\RecursosUnificados\BranchPedrao\Sprites\Boss\run\PNG\PNG_0005.png"
"PNG_0005.png","9579607472F1D3DD683F607F28578582E6C185115216FFA21B87A39EA1B790F5","6614","BranchPedrao","Assets\RecursosUnificados\BranchPedrao\Sprites\Boss\walk\PNG\PNG_0005.png"
"PNG_0005.png","6D106BEABA99873AE222F4B0413ABF4FA441EE6E39C02BE33247814556320FE6","10194","BranchPedrao","Assets\RecursosUnificados\BranchPedrao\Sprites\Player 1\Ataque\JUMP-ATTK\PNG_0005.png"
"PNG_0006.png","1412F0D79AFF369CB5282C7F18146CADA43EAD3DFA98A32148D6092FB9D30A64","14670","BranchPedrao","Assets\RecursosUnificados\BranchPedrao\Sprites\ANJO\IDLE\PNG\PNG_0006.png"
"PNG_0006.png","D2090F34CC012CE1F3044709C543DDF9D8AE31F32D36A6A932AB7BEB0A1C92D9","13074","BranchPedrao","Assets\RecursosUnificados\BranchPedrao\Sprites\ANJO\IDLE\PNG-MASC\PNG_0006.png"
"PNG_0006.png","6A24FEA06039B6A52EFEF45EA4CBEEC88E263622D3E85F59F2D1AB889039AFBC","13888","BranchPedrao","Assets\RecursosUnificados\BranchPedrao\Sprites\Boss\attack\PNG\ATTK\PNG_0006.png"
"PNG_0006.png","ACF06E2DF09BE9860BDFCF5FF4E35AFCA0DD704F177D0730BA7E12ACC3F0BD7B","7802","BranchPedrao","Assets\RecursosUnificados\BranchPedrao\Sprites\Boss\attack\PNG\PREPARAÇÃO\PNG_0006.png"
"PNG_0006.png","E1D6F65CDFE2A80EAA11E317506AC38FB66648C5B781E26565CF46E688A29B42","6677","BranchPedrao","Assets\RecursosUnificados\BranchPedrao\Sprites\Boss\dead\PNG\PNG_0006.png"
"PNG_0006.png","5904BEA04D62765585AA0A11B0109F11B6A3792BA52EFF8B4C6BB960ADE92420","5570","BranchPedrao","Assets\RecursosUnificados\BranchPedrao\Sprites\Boss\fall\PNG\PNG_0006.png"
"PNG_0006.png","64D09F1D190048994391CFD3317C20936FB654A175FFC51D3C1A07E83E0A3047","8874","BranchPedrao","Assets\RecursosUnificados\BranchPedrao\Sprites\Boss\run\PNG\PNG_0006.png"
"PNG_0006.png","1675303F17F4A2F776DCA8432AA915A9A2E109352C6D5FE984EF1E39DCF81647","7927","BranchPedrao","Assets\RecursosUnificados\BranchPedrao\Sprites\Boss\walk\PNG\PNG_0006.png"
"PNG_0006.png","393F4C560376636DB1252257BD7663190ADD0A3AA1A23011B588FF92EA5CDD05","12233","BranchPedrao","Assets\RecursosUnificados\BranchPedrao\Sprites\Player 1\Ataque\JUMP-ATTK\PNG_0006.png"
"PNG_0007.png","73F9E34B207BB114B1DC278EC184009E5C350F913FB4582E7A4EFA8CE512E6D9","14468","BranchPedrao","Assets\RecursosUnificados\BranchPedrao\Sprites\ANJO\IDLE\PNG\PNG_0007.png"
"PNG_0007.png","9C314380FA754332A93803C974F40B08043DCD67C31F0F74EA9DC2A8484171AC","11587","BranchPedrao","Assets\RecursosUnificados\BranchPedrao\Sprites\ANJO\IDLE\PNG-MASC\PNG_0007.png"
"PNG_0007.png","C7CEB418309B5D9D2B9B30F679D897DCABC629F139E8558A5490B056095C645A","12627","BranchPedrao","Assets\RecursosUnificados\BranchPedrao\Sprites\Boss\attack\PNG\ATTK\PNG_0007.png"
"PNG_0007.png","9C8F6668D499F27719780554F0C93618EEE10ABC3BA7448947A879F5DF409DA8","5654","BranchPedrao","Assets\RecursosUnificados\BranchPedrao\Sprites\Boss\attack\PNG\PREPARAÇÃO\PNG_0007.png"
"PNG_0007.png","27FE98539ECF07F8EC49774938D72C6DC37B2C034CBE6D475B576F9225644EC1","7663","BranchPedrao","Assets\RecursosUnificados\BranchPedrao\Sprites\Boss\dead\PNG\PNG_0007.png"
"PNG_0007.png","25AF08E9B6233BE3512DFDCCDBA02BAABF80D67D17569F3A7735127CB0B5BB2C","7571","BranchPedrao","Assets\RecursosUnificados\BranchPedrao\Sprites\Boss\run\PNG\PNG_0007.png"
"PNG_0007.png","2C834188B5F2B23363A8A3A32EA86CE25323FFCDB0B6580695A5F8D530268225","6708","BranchPedrao","Assets\RecursosUnificados\BranchPedrao\Sprites\Boss\walk\PNG\PNG_0007.png"
"PNG_0007.png","B9103D5D1E658C906D20BD56ABD937B7D0FB5063F3F91C0C285F3CA585DFAA32","9961","BranchPedrao","Assets\RecursosUnificados\BranchPedrao\Sprites\Player 1\Ataque\JUMP-ATTK\PNG_0007.png"
"PNG_0008.png","C7AA0810C6CC3CF4B78BDC1D9E507DCE1B73415624F7836A666EF7E9C1D150FD","14693","BranchPedrao","Assets\RecursosUnificados\BranchPedrao\Sprites\ANJO\IDLE\PNG\PNG_0008.png"
"PNG_0008.png","D3CCCC4B7FC0E4385F94C849E7E948B53A73F10A3303B0C0E922F561BFF46937","13034","BranchPedrao","Assets\RecursosUnificados\BranchPedrao\Sprites\ANJO\IDLE\PNG-MASC\PNG_0008.png"
"PNG_0008.png","D7AC3217AF68A611192C2D92DCD0D624FAF3D58BE576431CACA0419313641D8B","14575","BranchPedrao","Assets\RecursosUnificados\BranchPedrao\Sprites\Boss\attack\PNG\ATTK\PNG_0008.png"
"PNG_0008.png","02672A980793E7E43B061AA6B97676C9D59A0278077E93A720322D5A50CF1E7F","6333","BranchPedrao","Assets\RecursosUnificados\BranchPedrao\Sprites\Boss\dead\PNG\PNG_0008.png"
"PNG_0008.png","E8A5D4D96E697A702A0F9AD9B06DF1D86C42F933BB7B4D95AD31403B082E6E8C","8882","BranchPedrao","Assets\RecursosUnificados\BranchPedrao\Sprites\Boss\run\PNG\PNG_0008.png"
"PNG_0008.png","8AEB39481B34367171E27D4BB8EC698F66A9147FDF3AD2A70B5936D6901FCC2C","7629","BranchPedrao","Assets\RecursosUnificados\BranchPedrao\Sprites\Boss\walk\PNG\PNG_0008.png"
"PNG_0009.png","45F39526B7499774C88ADA90A533FEBADC6D3FEA537BECDEDF4A07EA814CFCED","13542","BranchPedrao","Assets\RecursosUnificados\BranchPedrao\Sprites\ANJO\IDLE\PNG\PNG_0009.png"
"PNG_0009.png","E6AA592311245D7100D2FE09113865876871F507EA840F9CF8E0B957A402E24D","10255","BranchPedrao","Assets\RecursosUnificados\BranchPedrao\Sprites\ANJO\IDLE\PNG-MASC\PNG_0009.png"
"PNG_0009.png","A21ABEB1217E4EED23DE98CC9144877EC9C7DE7C937A8E41DC2148BD8F12422B","10180","BranchPedrao","Assets\RecursosUnificados\BranchPedrao\Sprites\Boss\attack\PNG\ATTK\PNG_0009.png"
"PNG_0009.png","1781DE2447938CDC8F5BCA841F5957B30A4E1D84E1B75BFEE59AB5101B1CCD45","7395","BranchPedrao","Assets\RecursosUnificados\BranchPedrao\Sprites\Boss\dead\PNG\PNG_0009.png"
"PNG_0009.png","45000C3EEC77731B61DCC929A6CC99D3111DA6B56197968051043D34EDA9C014","7862","BranchPedrao","Assets\RecursosUnificados\BranchPedrao\Sprites\Boss\run\PNG\PNG_0009.png"
"PNG_0009.png","A487C0291DE6B47EFCF800EE8F3B4B5D2F83E72392C8B3C76F0DF6A4525C31BE","6691","BranchPedrao","Assets\RecursosUnificados\BranchPedrao\Sprites\Boss\walk\PNG\PNG_0009.png"
"PNG_0010.png","22E512B71AA8326A6FF827A094576D4BBA04CF3DA652CE1D79F8199B174CC450","15045","BranchPedrao","Assets\RecursosUnificados\BranchPedrao\Sprites\ANJO\IDLE\PNG\PNG_0010.png"
"PNG_0010.png","E140ED9C8CB213B9A6654C231012C59EC05EBC2B23AEC089BEEC0ED33B2F50E3","6464","BranchPedrao","Assets\RecursosUnificados\BranchPedrao\Sprites\Boss\dead\PNG\PNG_0010.png"
"PNG_0010.png","287759E412974C87D7661C833F82C2EDF83FFDF6116A7C6CA89DCD677CC772B8","8789","BranchPedrao","Assets\RecursosUnificados\BranchPedrao\Sprites\Boss\run\PNG\PNG_0010.png"
"PNG_0010.png","CB656B2B0CEC8A3C4616E3A428B43834859583B00F1B566B01A537AF54A568A5","7918","BranchPedrao","Assets\RecursosUnificados\BranchPedrao\Sprites\Boss\walk\PNG\PNG_0010.png"
"PNG_0011.png","8C66FC2C899616D62E21FE42F6A5E9F9A7CE09B184E35086D44A52FB666B0813","15226","BranchPedrao","Assets\RecursosUnificados\BranchPedrao\Sprites\ANJO\IDLE\PNG\PNG_0011.png"
"PNG_0011.png","1FE02EBDDAC80C767DC5C846009D871B99304D23900F4E0FB37A581ACAE23490","6740","BranchPedrao","Assets\RecursosUnificados\BranchPedrao\Sprites\Boss\dead\PNG\PNG_0011.png"
"PNG_0011.png","BFF201A60AE754025A0B4A0CBF2A05518303306AC8AFB4A534E22B313A660A55","8040","BranchPedrao","Assets\RecursosUnificados\BranchPedrao\Sprites\Boss\run\PNG\PNG_0011.png"
"PNG_0011.png","D63ADC26F612B1F548DC886D25F8259BE18B74D0611C56DFBCE1DFA23D8F1C68","6702","BranchPedrao","Assets\RecursosUnificados\BranchPedrao\Sprites\Boss\walk\PNG\PNG_0011.png"
"PNG_0012.png","78E48486FA6DB946F322FECA898A7D43E4D9820ACA3E0F4DB36065A6E87C1DCD","6062","BranchPedrao","Assets\RecursosUnificados\BranchPedrao\Sprites\Boss\dead\PNG\PNG_0012.png"
"PNG_0012.png","6D0C43CE4C38FFF5962942A5D33820464B20CC6F9A879623BF98224026167582","10209","BranchPedrao","Assets\RecursosUnificados\BranchPedrao\Sprites\Boss\run\PNG\PNG_0012.png"
"PNG_0012.png","8623F57BCBBC43649E0547A7BDC20ACC0EEE880E2CBDC0112A5055F8CCAC3B38","7633","BranchPedrao","Assets\RecursosUnificados\BranchPedrao\Sprites\Boss\walk\PNG\PNG_0012.png"
"PNG_0013.png","1502435493871DC91339A60F290FEA7575EF9A4BFC9441AF828FD8EEAC490FBC","7333","BranchPedrao","Assets\RecursosUnificados\BranchPedrao\Sprites\Boss\dead\PNG\PNG_0013.png"
"PNG_0013.png","33C1FA1F1FD32B9CA205E592BF453C4714A25FAFE6745D017F71B4C1EE8292ED","7390","BranchPedrao","Assets\RecursosUnificados\BranchPedrao\Sprites\Boss\run\PNG\PNG_0013.png"
"PNG_0013.png","FAE6BFE76B215A37E3D23C91C7A7166378B0A68E0A78852D08CB81D795ED256B","6723","BranchPedrao","Assets\RecursosUnificados\BranchPedrao\Sprites\Boss\walk\PNG\PNG_0013.png"
"Renderer2D.asset","900455794D0D788504847C3AA54E03A0374FD3635AFA295ED05C2F646F974705","3629","BranchPedrao","Assets\RecursosUnificados\BranchPedrao\Settings\Renderer2D.asset"
"Renderer2D.asset","833A5DE0B047BFF1327D3E97656EBFB7F595B4693CA5B8F652B676C5D8CC89AF","3698","ColegaTeste","Assets\RecursosUnificados\ColegaTeste\ProjetoPlayerJhonas\Settings\Renderer2D.asset"
"SDFFunctions.hlsl","88CF0F62E4000B71750C059D0886B19504CD1CF10F39BB61DDC11B77A882D417","6021","BranchPedrao","Assets\RecursosUnificados\BranchPedrao\TextMesh Pro\Shaders\SDFFunctions.hlsl"
"SDFFunctions.hlsl","AA8B32660F8BFD9C1166D94539034437BB0332DB6062122D074CD8645FBB98F4","6199","ColegaTeste","Assets\RecursosUnificados\ColegaTeste\ProjetoPlayerJhonas\TextMesh Pro\Shaders\SDFFunctions.hlsl"
"special-attk_0001.png","1751BABCD4A4CC33B0001A05E99D09D60D90E2D0BB44071AB3BE853CB79D6782","6390","BranchPedrao","Assets\RecursosUnificados\BranchPedrao\Sprites\Boss\attack\PNG\PREPARAÇÃO\special-attk_0001.png"
"special-attk_0001.png","98233A270CEA78F23EC65EC4D3466D0E5261C52D19C979ABDB0158CBDD335485","6410","BranchPedrao","Assets\RecursosUnificados\BranchPedrao\Sprites\Boss\special-attk\special-attk_0001.png"
"special-attk-def.gif","2CE34CB3A71702E831B6E8F3A0634A4832032E76017AE347AE3D6C73A11AA403","56817","BranchPedrao","Assets\RecursosUnificados\BranchPedrao\Sprites\Boss\attack\PNG\PREPARAÇÃO\special-attk-def.gif"
"special-attk-def.gif","716174FCAAE68DA46CCF15798A4DB26EED92956976465DDF69190AE0EB303F2F","56822","BranchPedrao","Assets\RecursosUnificados\BranchPedrao\Sprites\Boss\special-attk\special-attk-def.gif"
"TMP Settings.asset","7BE438062CDC296835A1258B68BCBEB8E9FDC4B01EA27C05A24A1074260F7424","1852","BranchPedrao","Assets\RecursosUnificados\BranchPedrao\TextMesh Pro\Resources\TMP Settings.asset"
"TMP Settings.asset","DAFD957B416FDAD34F611C30EE60D5F603497099F847B83FD688F883A56A3E72","1904","ColegaTeste","Assets\RecursosUnificados\ColegaTeste\ProjetoPlayerJhonas\TextMesh Pro\Resources\TMP Settings.asset"
"TMP_Bitmap.shader","1D32F34C71276C1321AA0540A2410E15808743A38B2026923045A4DEC4A79B58","3839","BranchPedrao","Assets\RecursosUnificados\BranchPedrao\TextMesh Pro\Shaders\TMP_Bitmap.shader"
"TMP_Bitmap.shader","1D88CBC0FD9F6D1189E6883B6A41433397A8D7FA2C6C267664AF89F87687F050","3984","ColegaTeste","Assets\RecursosUnificados\ColegaTeste\ProjetoPlayerJhonas\TextMesh Pro\Shaders\TMP_Bitmap.shader"
"TMP_Bitmap-Custom-Atlas.shader","42892A52F22BDDE6D482CF2DA5F35E4B813063FC6FE42189EEE5562080079494","3836","BranchPedrao","Assets\RecursosUnificados\BranchPedrao\TextMesh Pro\Shaders\TMP_Bitmap-Custom-Atlas.shader"
"TMP_Bitmap-Custom-Atlas.shader","4FDE41F9B01DF2F31D54C5DDFA7703CA63EC89BBA6615EA439C63E76F84F7B4B","3981","ColegaTeste","Assets\RecursosUnificados\ColegaTeste\ProjetoPlayerJhonas\TextMesh Pro\Shaders\TMP_Bitmap-Custom-Atlas.shader"
"TMP_Bitmap-Mobile.shader","B50AFC7EDC8A710F8B4159149B2391E7238B5E4076CC0EA2119090ED29E13B4A","4071","BranchPedrao","Assets\RecursosUnificados\BranchPedrao\TextMesh Pro\Shaders\TMP_Bitmap-Mobile.shader"
"TMP_Bitmap-Mobile.shader","D90E395A82303E7C048FE708F8CC76D2C4B304D723C942E8C1C85C30A28ACDFF","4226","ColegaTeste","Assets\RecursosUnificados\ColegaTeste\ProjetoPlayerJhonas\TextMesh Pro\Shaders\TMP_Bitmap-Mobile.shader"
"TMP_SDF Overlay.shader","A0D318756CBA0F95A7052C387E629D0ADD3E9A4125C8333F1D1ED591AF5F17CB","11054","BranchPedrao","Assets\RecursosUnificados\BranchPedrao\TextMesh Pro\Shaders\TMP_SDF Overlay.shader"
"TMP_SDF Overlay.shader","09602D3DD3834E7495FA233EE09A32C0AF2E072DB6F832B882C2B72014C56D6D","11380","ColegaTeste","Assets\RecursosUnificados\ColegaTeste\ProjetoPlayerJhonas\TextMesh Pro\Shaders\TMP_SDF Overlay.shader"
"TMP_SDF SSD.shader","2A991951B00B0C052363A1025F655450054325437B3D13C2623A987C8EC77C30","12438","BranchPedrao","Assets\RecursosUnificados\BranchPedrao\TextMesh Pro\Shaders\TMP_SDF SSD.shader"
"TMP_SDF SSD.shader","02651D722125000A33EF3EEDB32773038F878F6D8563B3E2B45AF1E38859CDF4","12759","ColegaTeste","Assets\RecursosUnificados\ColegaTeste\ProjetoPlayerJhonas\TextMesh Pro\Shaders\TMP_SDF SSD.shader"
"TMP_SDF.shader","10EFE6D4728474A09970B857FAF37913793E168DC13DBD4D7316B54B37615D97","11027","BranchPedrao","Assets\RecursosUnificados\BranchPedrao\TextMesh Pro\Shaders\TMP_SDF.shader"
"TMP_SDF.shader","142C6E313F6731976CAD18CFB5B283B3942CCE97DD6345AC4FE5A7CF572E7FD5","11353","ColegaTeste","Assets\RecursosUnificados\ColegaTeste\ProjetoPlayerJhonas\TextMesh Pro\Shaders\TMP_SDF.shader"
"TMP_SDF-HDRP LIT.shadergraph","BF68062F68B38B588ABD1C354F64E905F824D9A2C47F92EBDD70A32989EB2097","287427","BranchPedrao","Assets\RecursosUnificados\BranchPedrao\TextMesh Pro\Shaders\TMP_SDF-HDRP LIT.shadergraph"
"TMP_SDF-HDRP LIT.shadergraph","5D6BC7A7E8C31CF498E54C9828435815F18E044B898139EB9B491F08461F80A1","299501","ColegaTeste","Assets\RecursosUnificados\ColegaTeste\ProjetoPlayerJhonas\TextMesh Pro\Shaders\TMP_SDF-HDRP LIT.shadergraph"
"TMP_SDF-HDRP UNLIT.shadergraph","8A969C2D775079CCE4E1C45D5EB6D3964B27D44DC884178363050C74FD5E9742","279909","BranchPedrao","Assets\RecursosUnificados\BranchPedrao\TextMesh Pro\Shaders\TMP_SDF-HDRP UNLIT.shadergraph"
"TMP_SDF-HDRP UNLIT.shadergraph","2506122540A83F3FBD7FECC073CA4EB6ED43A58A9D8B59CAA135E66580B0C956","291668","ColegaTeste","Assets\RecursosUnificados\ColegaTeste\ProjetoPlayerJhonas\TextMesh Pro\Shaders\TMP_SDF-HDRP UNLIT.shadergraph"
"TMP_SDF-Mobile Masking.shader","41CFF58473557BF760D03513A8C098F43A24E4EEB4C8CCD7D828C045A338A9ED","8273","BranchPedrao","Assets\RecursosUnificados\BranchPedrao\TextMesh Pro\Shaders\TMP_SDF-Mobile Masking.shader"
"TMP_SDF-Mobile Masking.shader","B3EAE5BE517F376299ED9152D78FBD6879E2C9A8F35A4B9A133B65BB9254CE18","8531","ColegaTeste","Assets\RecursosUnificados\ColegaTeste\ProjetoPlayerJhonas\TextMesh Pro\Shaders\TMP_SDF-Mobile Masking.shader"
"TMP_SDF-Mobile Overlay.shader","FB286386D0592CE6D63EB736F180B4B0F638EC538B0855AA54767A438EBD1173","8081","BranchPedrao","Assets\RecursosUnificados\BranchPedrao\TextMesh Pro\Shaders\TMP_SDF-Mobile Overlay.shader"
"TMP_SDF-Mobile Overlay.shader","2AB40B8067E36D4B6F262BB3485203788B6B0E9C7521BAE69CC47B2A05FB2B0A","8333","ColegaTeste","Assets\RecursosUnificados\ColegaTeste\ProjetoPlayerJhonas\TextMesh Pro\Shaders\TMP_SDF-Mobile Overlay.shader"
"TMP_SDF-Mobile SSD.shader","8B30C140F6AF9134392FE6ECF4C0676DB73F873489AC52ADFB47BBD288CB51B8","3064","BranchPedrao","Assets\RecursosUnificados\BranchPedrao\TextMesh Pro\Shaders\TMP_SDF-Mobile SSD.shader"
"TMP_SDF-Mobile SSD.shader","C8DE13A7886EDDFC4F6994EA40B4042721F1238EEE89A0FF4C29E32D33FAEFA2","3170","ColegaTeste","Assets\RecursosUnificados\ColegaTeste\ProjetoPlayerJhonas\TextMesh Pro\Shaders\TMP_SDF-Mobile SSD.shader"
"TMP_SDF-Mobile.shader","44C39AABC7E88E7E1FEFFC1880DF754F4ADF86B62E9512AA89E9D2D65171AFF4","8074","BranchPedrao","Assets\RecursosUnificados\BranchPedrao\TextMesh Pro\Shaders\TMP_SDF-Mobile.shader"
"TMP_SDF-Mobile.shader","EA5BB3F5540DE2FBA59704D7F31382CF884595980E0B99C05A083873B9E26E3B","8324","ColegaTeste","Assets\RecursosUnificados\ColegaTeste\ProjetoPlayerJhonas\TextMesh Pro\Shaders\TMP_SDF-Mobile.shader"
"TMP_SDF-Mobile-2-Pass.shader","4BC2DB64BEFBD0E37E23539F21096AD2FCD9D61B36D2174D208A7D831A0883F7","11795","BranchPedrao","Assets\RecursosUnificados\BranchPedrao\TextMesh Pro\Shaders\TMP_SDF-Mobile-2-Pass.shader"
"TMP_SDF-Mobile-2-Pass.shader","58F1BA5A662FC0F432E4BCDEA9E1656A80352C5613F3339D4A8D3DAB0003AEB8","12184","ColegaTeste","Assets\RecursosUnificados\ColegaTeste\ProjetoPlayerJhonas\TextMesh Pro\Shaders\TMP_SDF-Mobile-2-Pass.shader"
"TMP_SDF-Surface.shader","5DADB68B56429547918B392626E9AF8FD5173936D20BB43CFCA58DFA00947257","4353","BranchPedrao","Assets\RecursosUnificados\BranchPedrao\TextMesh Pro\Shaders\TMP_SDF-Surface.shader"
"TMP_SDF-Surface.shader","F10ECE0FCE4433A45F601FD84B79B74AE82B275910BE8D9AA7C09390AA58A668","4512","ColegaTeste","Assets\RecursosUnificados\ColegaTeste\ProjetoPlayerJhonas\TextMesh Pro\Shaders\TMP_SDF-Surface.shader"
"TMP_SDF-Surface-Mobile.shader","F9FAE5906DD37D89298338953294459975DE58A5421E68DD9E82A79794B95509","3523","BranchPedrao","Assets\RecursosUnificados\BranchPedrao\TextMesh Pro\Shaders\TMP_SDF-Surface-Mobile.shader"
"TMP_SDF-Surface-Mobile.shader","0C2DB2EA36E79E533E52AB847BC39BEBAB06285246955A4B2FF6EA546EE7A1B3","3662","ColegaTeste","Assets\RecursosUnificados\ColegaTeste\ProjetoPlayerJhonas\TextMesh Pro\Shaders\TMP_SDF-Surface-Mobile.shader"
"TMP_SDF-URP Lit.shadergraph","E0148CE8E5904232A4E711376A45B7AF2A007FB9690C5A69C1CB4952A696CDBF","283866","BranchPedrao","Assets\RecursosUnificados\BranchPedrao\TextMesh Pro\Shaders\TMP_SDF-URP Lit.shadergraph"
"TMP_SDF-URP Lit.shadergraph","D7816AC9C8E4C6BFB579B3101C1826C46F333279C96F69F5734160FC8F68E80A","295798","ColegaTeste","Assets\RecursosUnificados\ColegaTeste\ProjetoPlayerJhonas\TextMesh Pro\Shaders\TMP_SDF-URP Lit.shadergraph"
"TMP_SDF-URP Unlit.shadergraph","DC15B6819AD87A4B34ED888AE2C274624EFC0ADA902D1A9E7752D87922414DCC","277012","BranchPedrao","Assets\RecursosUnificados\BranchPedrao\TextMesh Pro\Shaders\TMP_SDF-URP Unlit.shadergraph"
"TMP_SDF-URP Unlit.shadergraph","73C1CC198DE82CB5B7522618D29FFC47A307F0DFB5CB34AB9C86BF9A84D26E4D","288641","ColegaTeste","Assets\RecursosUnificados\ColegaTeste\ProjetoPlayerJhonas\TextMesh Pro\Shaders\TMP_SDF-URP Unlit.shadergraph"
"TMP_Sprite.shader","AF669BB9AE136C8099F8E0A94A6933FD2F1E1FB0A6842129939A319FAB4B8DBB","3446","BranchPedrao","Assets\RecursosUnificados\BranchPedrao\TextMesh Pro\Shaders\TMP_Sprite.shader"
"TMP_Sprite.shader","B8606378647FC693029A0AD8EA7C3D162E1BFE1FF54F2F53F4AB158C9DDB6199","3577","ColegaTeste","Assets\RecursosUnificados\ColegaTeste\ProjetoPlayerJhonas\TextMesh Pro\Shaders\TMP_Sprite.shader"
"TMPro.cginc","14EDB7D7B88CAF2B82CAE68200ABE895E5B5B3474C3FFFBF0E9B4B09A4E2467E","2277","BranchPedrao","Assets\RecursosUnificados\BranchPedrao\TextMesh Pro\Shaders\TMPro.cginc"
"TMPro.cginc","7B5E42E957E80DDAC2C42CD49D15DC48C50B97A0E263248BE8A074D1B3C79543","2361","ColegaTeste","Assets\RecursosUnificados\ColegaTeste\ProjetoPlayerJhonas\TextMesh Pro\Shaders\TMPro.cginc"
"TMPro_Mobile.cginc","D9D43DDD9810476162F21B42477D9CE2CDC4E6CC7571D354C3253AAFC6673EAD","5453","BranchPedrao","Assets\RecursosUnificados\BranchPedrao\TextMesh Pro\Shaders\TMPro_Mobile.cginc"
"TMPro_Mobile.cginc","E3D42E5E7C32DAD5B41FFB4F03D4E7D9382924AFF35D470F46E31D291230385A","5618","ColegaTeste","Assets\RecursosUnificados\ColegaTeste\ProjetoPlayerJhonas\TextMesh Pro\Shaders\TMPro_Mobile.cginc"
"TMPro_Properties.cginc","66DB1F03E8D7A413EBA79BCB6602FDB2DE710B586F34A6F2584ED6F68F028E90","2707","BranchPedrao","Assets\RecursosUnificados\BranchPedrao\TextMesh Pro\Shaders\TMPro_Properties.cginc"
"TMPro_Properties.cginc","18D4FA11C9B205459B6BC217B703C5FDEA9875D7A022F6394A0DD18AC3CD0BE4","2787","ColegaTeste","Assets\RecursosUnificados\ColegaTeste\ProjetoPlayerJhonas\TextMesh Pro\Shaders\TMPro_Properties.cginc"
"TMPro_Surface.cginc","244B442520282A66363D121C8D2AEEB30BB1E72CBBADBF41CE68D9100322ADE5","3515","BranchPedrao","Assets\RecursosUnificados\BranchPedrao\TextMesh Pro\Shaders\TMPro_Surface.cginc"
"TMPro_Surface.cginc","3441F62BFB1F6F186118296F5CFD73E84F84776D0551B5195F18542E459B8F4B","3614","ColegaTeste","Assets\RecursosUnificados\ColegaTeste\ProjetoPlayerJhonas\TextMesh Pro\Shaders\TMPro_Surface.cginc"
"UniversalRenderPipelineGlobalSettings.asset","53EB2EAE711F3B9B945B393171564757297195CC77C45EAB9B48274EF98261C6","23234","BranchPedrao","Assets\RecursosUnificados\BranchPedrao\Assets\UniversalRenderPipelineGlobalSettings.asset"
"UniversalRenderPipelineGlobalSettings.asset","CF7804C317AFAE02D8D5FB666AB5234CB2DC0100669649259806EAC4C0C27544","23234","BranchPedrao","Assets\RecursosUnificados\BranchPedrao\UniversalRenderPipelineGlobalSettings.asset"
"UniversalRenderPipelineGlobalSettings.asset","D149767137156E864B5CC89CF86E7E3DE7A6C5E55B44D50C34C6784BEABBEF56","23266","ChegaComJhon","Assets\RecursosUnificados\ChegaComJhon\UniversalRenderPipelineGlobalSettings.asset"
"UniversalRenderPipelineGlobalSettings.asset","F09713170795944C8907E5BEE0ED874FD1D39CC3C266682F389CF4925B20189E","25727","ColegaTeste","Assets\RecursosUnificados\ColegaTeste\ProjetoTesteAssets\UniversalRenderPipelineGlobalSettings.asset"
"UniversalRenderPipelineGlobalSettings.asset","D7B6CD3897536FD6408E5D7BACAAB338DB0EC9FD3F5DC62A99729487F9F4A14B","25727","ColegaTeste","Assets\RecursosUnificados\ColegaTeste\UniversalRenderPipelineGlobalSettings.asset"
"UniversalRP.asset","8115A6A750C739DCBCBF71737D1733EAFE068AD9FBDC3D4CA0DEF2723F47311F","4733","BranchPedrao","Assets\RecursosUnificados\BranchPedrao\Settings\UniversalRP.asset"
"UniversalRP.asset","167D20E3285F9071DC9BCB0A4FEE7CDF8BB335DD849EC96E4B3FA39BD401F266","4590","ChegaComJhon","Assets\RecursosUnificados\ChegaComJhon\Settings\UniversalRP.asset"
"URP2DSceneTemplate.unity","F6FB3E91AAA90417E2920B7F903066833B3B9AEA72DDCB5E46B91AFA729C2E90","9881","BranchPedrao","Assets\RecursosUnificados\BranchPedrao\Settings\Scenes\URP2DSceneTemplate.unity"
"URP2DSceneTemplate.unity","55E315E1A1075331A3D70941B870F39529B1FFE7A01534539DBF290F89A11AA3","10231","ColegaTeste","Assets\RecursosUnificados\ColegaTeste\ProjetoPlayerJhonas\Settings\Scenes\URP2DSceneTemplate.unity"
"wallking.anim","04DC180011B7F909F61A211DEC90EDE488A5B9B5EE43E007E051A80BA2AE83B8","4308","BranchPedrao","Assets\RecursosUnificados\BranchPedrao\Animacoes\Boss\wallking.anim"
"wallking.anim","3B82816F14335CE5BCC9308BAD40FCA48F8358FFB4290F5D29113321DB2EC104","4310","ChegaComJhon","Assets\RecursosUnificados\ChegaComJhon\Animacoes\Boss\wallking.anim"
